{"firstName":"jackson","lastName":"kevin","addressLine1":"225 East County Line Road Forest","addressLine2":"321","city":"Forest","state":"Mississippi","zipCode":"39074","email":"jackson.kevin.earl@gmail.com","dob":"07/25/1984","ssn":"Not available","phoneNumber":"+1 (769) 798-1623","appSettings":{"intercomHmac":"6bfbf35005ef959fce135323ac8f962b8688785da72692037824a4c17bb31f7c","intercomHmacAndroid":"0983de71f4e261206b76cde0268c892b5215abdf033b8aee19e4b0aa74e6ea41","intercomHmacIos":"b3264932f2fe92e7056806080f7c42a6edfa6ce272041282d112652f0519a0f5"}}